  Item Name   ,  Inventory Group   ,  Primary Vendor   
" 1.25 Liter, Coke ", Beverages:Sodas , Coca-Cola Consolidated 
" 1.25 Liter, Diet Coke ", Beverages:Sodas , Coca-Cola Consolidated 
" 1.25 Liter, Gingerale ", Beverages:Sodas , Coca-Cola Consolidated 
" 1.25 Liter, Sprite ", Beverages:Sodas , Coca-Cola Consolidated 
" 12 ounce, Coke Championship ", Beverages:Sodas , Coca-Cola Consolidated 
 12Z CN DAS SPKLG BLK CHRY , Beverages:Water , Coca-Cola Consolidated 
 12Z CN DAS SPKLG BRY , Beverages:Water , Coca-Cola Consolidated 
 12Z CN DAS SPKLG LIM , Beverages:Water , Coca-Cola Consolidated 
 12Z DAS SPKLG LMN , Beverages:Water , Coca-Cola Consolidated 
 12Z DAS SPKLG RBY LMND , Beverages:Water , Coca-Cola Consolidated 
 12Z DAS SPKLG TRPCL PAPL , Beverages:Water , Coca-Cola Consolidated 
 12Z Diet Coke Blood Orange , Beverages:Sodas , Coca-Cola Consolidated 
 12Z Diet Coke Fiesty Cherry , Beverages:Sodas , Coca-Cola Consolidated 
 12Z Diet Coke Ginger , Beverages:Sodas , Coca-Cola Consolidated 
 12Z Diet Coke Mango , Beverages:Sodas , Coca-Cola Consolidated 
 14Z Yup Chocolate , Beverages:Dairy , Coca-Cola Consolidated 
 14Z Yup Dbl Chocolate , Beverages:Dairy , Coca-Cola Consolidated 
 14Z Yup Lowfat , Beverages:Dairy , Coca-Cola Consolidated 
 14Z Yup Strawberry , Beverages:Dairy , Coca-Cola Consolidated 
 14Z Yup Vanilla , Beverages:Dairy , Coca-Cola Consolidated 
" 20 ounce, Caffeine Free Diet Coke ", Beverages:Sodas , Coca-Cola Consolidated 
" 20 Ounce, Cherry Coke ", Beverages:Sodas , Coca-Cola Consolidated 
" 20 ounce, Cherry Coke Zero ", Beverages:Sodas , Coca-Cola Consolidated 
" 20 ounce, Coke Classic ", Beverages:Sodas , Coca-Cola Consolidated 
" 20 Ounce, Coke classic** ", Beverages:Sodas , Coca-Cola Consolidated 
" 20 ounce, Coke Life ", Beverages:Sodas , Coca-Cola Consolidated 
" 20 Ounce, Coke Zero ", Beverages:Sodas , Coca-Cola Consolidated 
" 20 ounce, Diet Coke ", Beverages:Sodas , Coca-Cola Consolidated 
" 20 ounce, Diet Coke Plus ", Beverages:Sodas , Coca-Cola Consolidated 
" 20 ounce, Diet Coke w/ lime ", Beverages:Sodas , Coca-Cola Consolidated 
" 20 Ounce, Fanta Grape ", Beverages:Sodas , Coca-Cola Consolidated 
" 20 Ounce, Fanta Orange ", Beverages:Sodas , Coca-Cola Consolidated 
" 20 Ounce, Fanta Pineapple ", Beverages:Sodas , Coca-Cola Consolidated 
" 20 Ounce, Fanta Strawberry ", Beverages:Sodas , Coca-Cola Consolidated 
" 20 Ounce, Fanta Zero Orange ", Beverages:Sodas , Coca-Cola Consolidated 
" 20 Ounce, Fresca ", Beverages:Sodas , Coca-Cola Consolidated 
" 20 ounce, Fuze Lemon Tea ", Beverages:Tea , Coca-Cola Consolidated 
" 20 ounce, Lemonade ", Beverages:Sodas , Coca-Cola Consolidated 
" 20 Ounce, Lemonade,Minute Maid ", Beverages:Juices , Coca-Cola Consolidated 
" 20 ounce, Mello Yellow ", Beverages:Sodas , Coca-Cola Consolidated 
" 20 ounce, Mello Yellow Zero ", Beverages:Sodas , Coca-Cola Consolidated 
" 20 Ounce, Nestea Diet Green Tea w/ Peach ", Beverages:Sodas , Coca-Cola Consolidated 
" 20 Ounce, Nestea Green Peach ", Beverages:Sodas , Coca-Cola Consolidated 
" 20 Ounce, Nestea Sweetened Lemonade ", Beverages:Sodas , Coca-Cola Consolidated 
" 20 Ounce, Orange Vanilla Coke ", Beverages:Juices , Coca-Cola Consolidated 
" 20 Ounce, Orangeade ", Beverages:Sodas , Coca-Cola Consolidated 
" 20 Ounce, Pibb Xtra ", Beverages:Sodas , Coca-Cola Consolidated 
" 20 Ounce, Root Beer ", Beverages:Sodas , Coca-Cola Consolidated 
" 20 Ounce, Seagrams Gingerale ", Beverages:Sodas , Coca-Cola Consolidated 
" 20 ounce, Sprite ", Beverages:Sodas , Coca-Cola Consolidated 
" 20 Ounce, Sprite Lemonade ", Beverages:Juices , Coca-Cola Consolidated 
" 20 ounce, Sprite Zero ", Beverages:Sodas , Coca-Cola Consolidated 
" 20 Ounce, Vanilla Coke ", Beverages:Sodas , Coca-Cola Consolidated 
" 20 Ounce, Vault ", Beverages:Sodas , Coca-Cola Consolidated 
" 20 Ounce, Vault Red Blitz ", Beverages:Sodas , Coca-Cola Consolidated 
" 20 Ounce, Vault Zero ", Beverages:Sodas , Coca-Cola Consolidated 
 20 oz Lemonade , Beverages:Sodas , Coca-Cola Consolidated 
 20 oz Nestea Lemon , Beverages:Sodas , Coca-Cola Consolidated 
 20 oz Sprite , Beverages:Sodas , Coca-Cola Consolidated 
 20 oz Sprite Zero , Beverages:Sodas , Coca-Cola Consolidated 
" 20 oz, Diet Coke ", Beverages:Sodas , Coca-Cola Consolidated 
" 20 oz, Diet Coke w Lime ", Beverages:Sodas , Coca-Cola Consolidated 
" Arizona, Green Tea ", Beverages:Tea , Coca-Cola Consolidated 
" Arizona, Lem Tea ", Beverages:Tea , Coca-Cola Consolidated 
" Arizona, Sweet Tea ", Beverages:Tea , Coca-Cola Consolidated 
 BRV Chocolate , Beverages:Dairy , Coca-Cola Consolidated 
 BRV Starburst , Beverages:Dairy , Coca-Cola Consolidated 
 BRV Vanilla , Beverages:Dairy , Coca-Cola Consolidated 
" Camp, Tomato Juice ", Beverages:Juices , Coca-Cola Consolidated 
" Camp, V8 Spicy ", Beverages:Juices , Coca-Cola Consolidated 
" Camp, V8 Splash Berry ", Beverages:Juices , Coca-Cola Consolidated 
" Camp, V8 Splash Straw Kiwi ", Beverages:Juices , Coca-Cola Consolidated 
" Camp, V8 Splash Tropical ", Beverages:Juices , Coca-Cola Consolidated 
" Camp, V8 Veg juice ", Beverages:Juices , Coca-Cola Consolidated 
" Camp, VFusion Cranberry Blackberry ", Beverages:Juices , Coca-Cola Consolidated 
" Camp, VFusion Mixed Berry ", Beverages:Juices , Coca-Cola Consolidated 
" Camp, VFusion Pom Blueberry ", Beverages:Juices , Coca-Cola Consolidated 
" Camp, VFusion StrawBanana ", Beverages:Juices , Coca-Cola Consolidated 
" Caribou, Espresso ", Beverages:Coffee Beverage , Coca-Cola Consolidated 
" Caribou, Regular ", Beverages:Coffee Beverage , Coca-Cola Consolidated 
" Caribou, Vanilla ", Beverages:Coffee Beverage , Coca-Cola Consolidated 
" Carnation, Instant Breakfast Choc ", Beverages:Dairy , Coca-Cola Consolidated 
 cherry zero old , Beverages:Sodas , Coca-Cola Consolidated 
" coke diet vanilla, 20 oz ", Beverages:Sodas , Coca-Cola Consolidated 
" coke lime diet, 20 oz ", Beverages:Sodas , Coca-Cola Consolidated 
 Core Power Banana , Beverages:Water , Coca-Cola Consolidated 
 Core Power Chocolate , Beverages:Water , Coca-Cola Consolidated 
 Core Power Chocolate ELITE 42G , Beverages:Energy Drinks , Coca-Cola Consolidated 
 Core Power Chocolate Light , Beverages:Water , Coca-Cola Consolidated 
 Core Power Strawberry Banana , Beverages:Water , Coca-Cola Consolidated 
 Core Power Vanilla , Beverages:Water , Coca-Cola Consolidated 
 Core Power Vanilla ELITE 42G , Beverages:Energy Drinks , Coca-Cola Consolidated 
" Dasani Drops, any flavor (Discont.) ", Beverages:Juices , Coca-Cola Consolidated 
" Dasani Drops, Cherry Pomegranate ", Beverages:Juices , Coca-Cola Consolidated 
" Dasani Drops, Coconut Pineapple ", Beverages:Juices , Coca-Cola Consolidated 
" Dasani Drops, Grape ", Beverages:Juices , Coca-Cola Consolidated 
" Dasani Drops, Mixed Berry ", Beverages:Juices , Coca-Cola Consolidated 
" Dasani Drops, Pink Lemonade ", Beverages:Juices , Coca-Cola Consolidated 
" Dasani Drops, Strawberry Kiwi ", Beverages:Juices , Coca-Cola Consolidated 
" Dasani, 20oz ", Beverages:Water , Coca-Cola Consolidated 
" Dasani, 24oz sport top ", Beverages:Water , Coca-Cola Consolidated 
" Dasani, 8pk -12 OZ(3 per case) ", Beverages:Water , Coca-Cola Consolidated 
" Dasani, Berry 8pk -12 OZ(3 per case) ", Beverages:Water , Coca-Cola Consolidated 
" Dasani, Fridge Pack (2 per case) ", Beverages:Water , Coca-Cola Consolidated 
" Dasani, Grape 20oz ", Beverages:Water , Coca-Cola Consolidated 
" Dasani, Lemon 20oz ", Beverages:Water , Coca-Cola Consolidated 
" Dasani, Lime 8pk -12 OZ(3 per case) ", Beverages:Water , Coca-Cola Consolidated 
" Dasani, Liter ", Beverages:Water , Coca-Cola Consolidated 
" Dasani, Plus CLNS REST Pom Blackberry ", Beverages:Water , Coca-Cola Consolidated 
" Dasani, Plus DEF PROT Orange tan ", Beverages:Water , Coca-Cola Consolidated 
" Dasani, Plus REF REV Kiwi Sberry ", Beverages:Water , Coca-Cola Consolidated 
" Dasani, Strawberry 20oz ", Beverages:Water , Coca-Cola Consolidated 
" DISC**FUZE, VIT Blackberry grape ", Beverages:Juices , Coca-Cola Consolidated 
" Discontinued-FUZE, tangerine grapefruit ", Beverages:Juices , Coca-Cola Consolidated 
" Dove, Dark Chocolate ", Beverages:Coffee Beverage , Coca-Cola Consolidated 
" Dove, Dark Chocolate Milk ", Beverages:Coffee Beverage , Coca-Cola Consolidated 
" Dove, Milk Chocolate ", Beverages:Coffee Beverage , Coca-Cola Consolidated 
" Dove, Milk Chocolate Milk ", Beverages:Coffee Beverage , Coca-Cola Consolidated 
 DTKO lime 12 oz , Beverages:Sodas , Coca-Cola Consolidated 
" Dunkin Donuts Coffee, Espresso ", Beverages:Coffee Beverage , Coca-Cola Consolidated 
" Dunkin Donuts Coffee, French Vanilla ", Beverages:Coffee Beverage , Coca-Cola Consolidated 
" Dunkin Donuts Coffee, Mocha ", Beverages:Coffee Beverage , Coca-Cola Consolidated 
" Dunkin Donuts Coffee, Orig ", Beverages:Coffee Beverage , Coca-Cola Consolidated 
" Energy, 16oz Monster, Absolute ", Beverages:Energy Drinks , Coca-Cola Consolidated 
" Energy, 16oz Monster, Absolute Zero ", Beverages:Energy Drinks , Coca-Cola Consolidated 
" Energy, 16oz Monster, Baller ", Beverages:Energy Drinks , Coca-Cola Consolidated 
" Energy, 16oz Monster, Dub Mad Dog ", Beverages:Energy Drinks , Coca-Cola Consolidated 
" Energy, 16oz Monster, Khaos ", Beverages:Energy Drinks , Coca-Cola Consolidated 
" Energy, 16oz Monster, Low Carb ", Beverages:Energy Drinks , Coca-Cola Consolidated 
" Energy, 16oz Monster, Ripper ", Beverages:Energy Drinks , Coca-Cola Consolidated 
" Energy, 16oz Monster, Ultra Blue ", Beverages:Energy Drinks , Coca-Cola Consolidated 
" Energy, 16oz Monster, Ultra Paradise ", Beverages:Energy Drinks , Coca-Cola Consolidated 
" Energy, 16oz Monster, Ultra Red ", Beverages:Energy Drinks , Coca-Cola Consolidated 
" Energy, 16oz Monster, Ultra Sunrise ", Beverages:Energy Drinks , Coca-Cola Consolidated 
" Energy, 16oz Monster, Ultra Violet ", Beverages:Energy Drinks , Coca-Cola Consolidated 
" Energy, 16oz Monster, Ultra White ", Beverages:Energy Drinks , Coca-Cola Consolidated 
" Energy, 16oz. Monster, Original (green) ", Beverages:Energy Drinks , Coca-Cola Consolidated 
" Energy, 16oz. Monster, Original Green 4 pack ", Beverages:Energy Drinks , Coca-Cola Consolidated 
" Energy, 16oz. Monster, Ultra Blue 4 pack ", Beverages:Energy Drinks , Coca-Cola Consolidated 
" Energy, 16oz. Monster, Ultra White 4 pack ", Beverages:Energy Drinks , Coca-Cola Consolidated 
" Energy, 24oz Monster ", Beverages:Energy Drinks , Coca-Cola Consolidated 
" Energy, 32oz Monster, Low Carb ", Beverages:Energy Drinks , Coca-Cola Consolidated 
" Energy, 4pk Monster, En Rehab ", Beverages:Energy Drinks , Coca-Cola Consolidated 
" Energy, Coke ", Beverages:Energy Drinks , Coca-Cola Consolidated 
" Energy, Coke Zero ", Beverages:Energy Drinks , Coca-Cola Consolidated 
" Energy, Coolah ", Beverages:Energy Drinks , Coca-Cola Consolidated 
" Energy, Full Throttle ", Beverages:Energy Drinks , Coca-Cola Consolidated 
" Energy, Full Throttle Blue Demon ", Beverages:Energy Drinks , Coca-Cola Consolidated 
" Energy, Full Throttle FURY ", Beverages:Energy Drinks , Coca-Cola Consolidated 
" Energy, Full Throttle, Mother ", Beverages:Energy Drinks , Coca-Cola Consolidated 
" Energy, Full Throttle, Unleaded ", Beverages:Energy Drinks , Coca-Cola Consolidated 
" Energy, Rockstar ", Beverages:Energy Drinks , Coca-Cola Consolidated 
" Energy, Rockstar 24oz ", Beverages:Energy Drinks , Coca-Cola Consolidated 
" Energy, Rockstar Coffee Latte ", Beverages:Energy Drinks , Coca-Cola Consolidated 
" Energy, Rockstar Coffee Light Vanilla ", Beverages:Energy Drinks , Coca-Cola Consolidated 
" Energy, Rockstar Coffee Mocha ", Beverages:Energy Drinks , Coca-Cola Consolidated 
" Energy, Rockstar Diet ", Beverages:Energy Drinks , Coca-Cola Consolidated 
" Energy, Rockstar Guava Juice ", Beverages:Energy Drinks , Coca-Cola Consolidated 
" Energy, Rockstar Juiced ", Beverages:Energy Drinks , Coca-Cola Consolidated 
" Energy, Rockstar Zero Carb ", Beverages:Energy Drinks , Coca-Cola Consolidated 
" Energy, Tab ", Beverages:Energy Drinks , Coca-Cola Consolidated 
" Enviga, Green Berry ", Beverages:Energy Drinks , Coca-Cola Consolidated 
" Enviga, Green Peach ", Beverages:Energy Drinks , Coca-Cola Consolidated 
" Enviga, Green Tea ", Beverages:Energy Drinks , Coca-Cola Consolidated 
" Evian, 0.5L ", Beverages:Water , Coca-Cola Consolidated 
" Evian, 1.5 Liter ", Beverages:Water , Coca-Cola Consolidated 
" Evian, Liter ", Beverages:Water , Coca-Cola Consolidated 
" Frdg Pak, Pibb Xtra ", Beverages:Sodas , Coca-Cola Consolidated 
" Frdg Pk, Cherry Coke ", Beverages:Sodas , Coca-Cola Consolidated 
" Frdg Pk, Cherry Coke Zero ", Beverages:Sodas , Coca-Cola Consolidated 
" Frdg Pk, Coke Classic ", Beverages:Sodas , Coca-Cola Consolidated 
" Frdg Pk, Coke Zero ", Beverages:Sodas , Coca-Cola Consolidated 
" Frdg Pk, Diet Coke ", Beverages:Sodas , Coca-Cola Consolidated 
" Frdg Pk, Diet Rootbeer ", Beverages:Sodas , Coca-Cola Consolidated 
" Frdg Pk, Fanta Grape ", Beverages:Sodas , Coca-Cola Consolidated 
" Frdg Pk, Fresca ", Beverages:Sodas , Coca-Cola Consolidated 
" Frdg Pk, Fresca Black Cherry ", Beverages:Sodas , Coca-Cola Consolidated 
" Frdg Pk, Fresca Peach ", Beverages:Sodas , Coca-Cola Consolidated 
" Frdg PK, MM Lemonade ", Beverages:Sodas , Coca-Cola Consolidated 
" Frdg Pk, MM Raspberry LT ", Beverages:Sodas , Coca-Cola Consolidated 
" Frdg Pk, NT Sweet Lemon **DO NOT ORDER ", Beverages:Tea , Coca-Cola Consolidated 
" Frdg Pk, Orange Vanilla Coke ", Beverages:Sodas , Coca-Cola Consolidated 
" Frdg Pk, Orangeade ", Beverages:Sodas , Coca-Cola Consolidated 
" Frdg Pk, Pibb Extra ", Beverages:Sodas , Coca-Cola Consolidated 
" Frdg Pk, Rootbeer ", Beverages:Sodas , Coca-Cola Consolidated 
" Frdg Pk, Seagrams Gingerale ", Beverages:Sodas , Coca-Cola Consolidated 
" Frdg Pk, Sprite ", Beverages:Sodas , Coca-Cola Consolidated 
" Frdg Pk, Sprite Zero ", Beverages:Sodas , Coca-Cola Consolidated 
" Frdg Pk, Vault ", Beverages:Sodas , Coca-Cola Consolidated 
" Frdg Pk, Vault Zero ", Beverages:Sodas , Coca-Cola Consolidated 
" Frdg Pk, Zero Orange Vanilla Coke ", Beverages:Sodas , Coca-Cola Consolidated 
" Fridge Pack, Diet Coke Plus ", Beverages:Sodas , Coca-Cola Consolidated 
" Full Throttle, Caramel ", Beverages:Coffee Beverage , Coca-Cola Consolidated 
" Full Throttle, Mocha ", Beverages:Coffee Beverage , Coca-Cola Consolidated 
" Full Throttle, Quick Shot Blue Agave ", Beverages:Energy Drinks , Coca-Cola Consolidated 
" Full Throttle, Quick Shot citrus ", Beverages:Energy Drinks , Coca-Cola Consolidated 
" Full Throttle, Vanilla ", Beverages:Coffee Beverage , Coca-Cola Consolidated 
" FUZE, REF, bana colda ", Beverages:Juices , Coca-Cola Consolidated 
" FUZE, REF, pch mango ", Beverages:Juices , Coca-Cola Consolidated 
" FUZE, REF, Stb gva ", Beverages:Juices , Coca-Cola Consolidated 
" FUZE, SLEN, Blueberry rasp ", Beverages:Juices , Coca-Cola Consolidated 
" FUZE, SLEN, Strawberry Melon ", Beverages:Juices , Coca-Cola Consolidated 
" FUZE, SLEN, Tropical Punch ", Beverages:Juices , Coca-Cola Consolidated 
" FUZE, TEA, green tea ", Beverages:Tea , Coca-Cola Consolidated 
" FUZE, TEA, White tea ", Beverages:Juices , Coca-Cola Consolidated 
" FUZE, VIT, Orange Mango ", Beverages:Juices , Coca-Cola Consolidated 
" Godiva, DC Mocha ", Beverages:Coffee Beverage , Coca-Cola Consolidated 
" Godiva, FV Latte ", Beverages:Coffee Beverage , Coca-Cola Consolidated 
" Godiva, MC Mocha ", Beverages:Coffee Beverage , Coca-Cola Consolidated 
" Gold Peak, Diet Tea,18.5oz ", Beverages:Tea , Coca-Cola Consolidated 
" Gold Peak, Green Tea ", Beverages:Tea , Coca-Cola Consolidated 
" Gold Peak, Lemonade Tea ", Beverages:Tea , Coca-Cola Consolidated 
" Gold Peak, Raspberry Tea ", Beverages:Tea , Coca-Cola Consolidated 
" Gold Peak, Sweetened Tea ", Beverages:Tea , Coca-Cola Consolidated 
" Gold Peak, Unsweetened tea ", Beverages:Tea , Coca-Cola Consolidated 
" Honest Ade, Classic Lemonade Zero ", Beverages:Juices , Coca-Cola Consolidated 
" Honest Ade, Cranberry Lemonade ", Beverages:Juices , Coca-Cola Consolidated 
" Honest Ade, Pomegranate Blue ", Beverages:Tea , Coca-Cola Consolidated 
" Honest Ade, Raspberry Tea ", Beverages:Juices , Coca-Cola Consolidated 
" Honest Ade, Super Fruit Punch ", Beverages:Juices , Coca-Cola Consolidated 
" Honest Tea, Ginger unsweet ", Beverages:Tea , Coca-Cola Consolidated 
" Honest Tea, Half and Half ", Beverages:Tea , Coca-Cola Consolidated 
" Honest Tea, Honey Green ", Beverages:Tea , Coca-Cola Consolidated 
" Honest Tea, Lemon Black ", Beverages:Tea , Coca-Cola Consolidated 
" Honest Tea, Lemon Grove Maple ", Beverages:Tea , Coca-Cola Consolidated 
" Honest Tea, Morrocan Mint green ", Beverages:Tea , Coca-Cola Consolidated 
" Honest Tea, Not Too Sweet Tea ", Beverages:Tea , Coca-Cola Consolidated 
" Honest Tea, Orange Mango ", Beverages:Tea , Coca-Cola Consolidated 
" Honest Tea, Peach OoLaLong ", Beverages:Tea , Coca-Cola Consolidated 
" Honest Tea, Peach White Tea ", Beverages:Tea , Coca-Cola Consolidated 
" Huberts, Blackberry ", Beverages:Tea , Coca-Cola Consolidated 
" Huberts, Original ", Beverages:Tea , Coca-Cola Consolidated 
" Huberts, Strawberry ", Beverages:Tea , Coca-Cola Consolidated 
" Huberts, Watermelon ", Beverages:Tea , Coca-Cola Consolidated 
 Illy Caffe , Beverages:Coffee Beverage , Coca-Cola Consolidated 
 Java Monster Caramel , Beverages:Coffee Beverage , Coca-Cola Consolidated 
 Java Monster Kona , Beverages:Coffee Beverage , Coca-Cola Consolidated 
 Java Monster Loca Moca , Beverages:Coffee Beverage , Coca-Cola Consolidated 
 Java Monster Mean Bean , Beverages:Coffee Beverage , Coca-Cola Consolidated 
" Juice,Cranapple,Minute Maid ", Beverages:Juices , Coca-Cola Consolidated 
 Kmx , Beverages:Energy Drinks , Coca-Cola Consolidated 
 Lemon Lime , Beverages:Juices , Coca-Cola Consolidated 
 Limeaide (MM) , Beverages:Juices , Coca-Cola Consolidated 
" Liter, Club Soda ", Beverages:Sodas , Coca-Cola Consolidated 
" Minute m,16oz, Ruby Red ", Beverages:Juices , Coca-Cola Consolidated 
" Minute m16oz, Apple Juice ", Beverages:Juices , Coca-Cola Consolidated 
" Minute Maid 16oz, CranGrape ", Beverages:Juices , Coca-Cola Consolidated 
" Minute Maid 16oz, Orange Pineapple ", Beverages:Juices , Coca-Cola Consolidated 
" Minute Maid, 16oz Ruby Red ", Beverages:Juices , Coca-Cola Consolidated 
" Minute Maid, Apple Juice ", Beverages:Juices , Coca-Cola Consolidated 
" Minute Maid, Cranapple Raspberry ", Beverages:Juices , Coca-Cola Consolidated 
" Minute Maid, Cranberry Grape ", Beverages:Juices , Coca-Cola Consolidated 
" Minute Maid, Orange Juice ", Beverages:Juices , Coca-Cola Consolidated 
" Minute Maid, Ruby Red Grapefruit ", Beverages:Juices , Coca-Cola Consolidated 
" Minute Maid, Strawberry Passionfruit ", Beverages:Juices , Coca-Cola Consolidated 
" Minute Maid, Tomato Blend ", Beverages:Juices , Coca-Cola Consolidated 
" MinuteMaid,Berry Kiwi ", Beverages:Juices , Coca-Cola Consolidated 
 MM Crangraph 16oz , Beverages:Juices , Coca-Cola Consolidated 
 MM SPKLG FRUIT PUNCH , Beverages:Juices , Coca-Cola Consolidated 
 MM SPKLG LEMONADE , Beverages:Juices , Coca-Cola Consolidated 
 MM SPKLG MXD BERRY , Beverages:Juices , Coca-Cola Consolidated 
 MM SPKLG TRPCL CITRUS , Beverages:Juices , Coca-Cola Consolidated 
 Muscle Monster Banana , Beverages:Energy Drinks , Coca-Cola Consolidated 
 Muscle Monster Chocolate , Beverages:Energy Drinks , Coca-Cola Consolidated 
 Muscle Monster Strawberry , Beverages:Energy Drinks , Coca-Cola Consolidated 
 Muscle Monster Vanilla , Beverages:Energy Drinks , Coca-Cola Consolidated 
" Nestea,20 oz ", Beverages:Juices , Coca-Cola Consolidated 
 NNCK Gingerale , Beverages:Sodas , Coca-Cola Consolidated 
" Nos, Powershot Original Orange ", Beverages:Energy Drinks , Coca-Cola Consolidated 
" Nos, Powershot X ", Beverages:Energy Drinks , Coca-Cola Consolidated 
" Organic Valley, Milk ", Beverages:Dairy , Coca-Cola Consolidated 
" Powerade Arctic, Loose Pack ", Beverages:Water , Coca-Cola Consolidated 
 Powerade Drops Fruit Punch , Beverages:Juices , Coca-Cola Consolidated 
 Powerade Drops Mtn Berry , Beverages:Juices , Coca-Cola Consolidated 
 Powerade Drops Orange , Beverages:Juices , Coca-Cola Consolidated 
" Powerade Fruit Punch, 20oz ", Beverages:Juices , Coca-Cola Consolidated 
 Powerade Grape 20oz , Beverages:Juices , Coca-Cola Consolidated 
" Powerade Green, Loose Pack ", Beverages:Water , Coca-Cola Consolidated 
" Powerade Lemon Lime, 20oz ", Beverages:Juices , Coca-Cola Consolidated 
 Powerade Mountain Blast 20oz , Beverages:Juices , Coca-Cola Consolidated 
" Powerade Mountain Blast, 20 oz, ", Beverages:Juices , Coca-Cola Consolidated 
" Powerade Option Blackcherry, 20 oz, Loose Pack ", Beverages:Water , Coca-Cola Consolidated 
" Powerade Option Lemon, 20 oz, Loose Pack ", Beverages:Water , Coca-Cola Consolidated 
" Powerade Option Strawberry, 20 oz, Loose Pack ", Beverages:Water , Coca-Cola Consolidated 
" Powerade Option Strawberry, Loose Pack ", Beverages:Water , Coca-Cola Consolidated 
 Powerade Orange 20oz , Beverages:Juices , Coca-Cola Consolidated 
" Powerade Orange, ", Beverages:Juices , Coca-Cola Consolidated 
 Powerade Strawberry Lemonade 20oz , Beverages:Juices , Coca-Cola Consolidated 
" Powerade Zero, Fruit Punch 20oz ", Beverages:Juices , Coca-Cola Consolidated 
" Powerade Zero, Grape 20oz ", Beverages:Juices , Coca-Cola Consolidated 
" Powerade Zero, Mixed Berry 20oz ", Beverages:Juices , Coca-Cola Consolidated 
" Powerade, 28oz Fruit Punch ", Beverages:Juices , Coca-Cola Consolidated 
" Powerade, 28oz Grape ", Beverages:Juices , Coca-Cola Consolidated 
" Powerade, 28oz Melon ", Beverages:Juices , Coca-Cola Consolidated 
" Powerade, 28oz Mountain Berry Blast ", Beverages:Juices , Coca-Cola Consolidated 
" Powerade, 28oz Zero Grape ", Beverages:Juices , Coca-Cola Consolidated 
" Powerade, 28oz Zero Mixed Berry ", Beverages:Juices , Coca-Cola Consolidated 
" Powerade, 32oz Lemon Lime ", Beverages:Juices , Coca-Cola Consolidated 
" Powerade, 32oz Mango ", Beverages:Juices , Coca-Cola Consolidated 
" Powerade, 32oz Orange ", Beverages:Juices , Coca-Cola Consolidated 
" Powerade, 32oz Strawberry Lemonade ", Beverages:Juices , Coca-Cola Consolidated 
" Powerade, 32oz Watermelon Strawberry ", Beverages:Juices , Coca-Cola Consolidated 
" Powerade, 32oz White Cherry ", Beverages:Juices , Coca-Cola Consolidated 
" Powerade, 32oz Zero mixed Berry ", Beverages:Juices , Coca-Cola Consolidated 
" Powerade, Grape 20oz ", Beverages:Juices , Coca-Cola Consolidated 
" Powerade,Fruit Punch, Loose Pack ", Beverages:Water , Coca-Cola Consolidated 
 Pure Squ Orange Juice , Beverages:Water , Coca-Cola Consolidated 
" Segrams, Tonic ", Beverages:Water , Coca-Cola Consolidated 
 Slim Fast Chocolate , Beverages:Coffee Beverage , Coca-Cola Consolidated 
 Slim Fast Vanilla , Beverages:Coffee Beverage , Coca-Cola Consolidated 
 Smart Water Sparkling , Beverages:Water , Coca-Cola Consolidated 
 Smart Water Sparkling bottle 20 oz. , Beverages:Water , Coca-Cola Consolidated 
" Smart Water, 1 Liter ", Beverages:Water , Coca-Cola Consolidated 
" Smart Water, 1.5Liter ", Beverages:Water , Coca-Cola Consolidated 
" Smart Water, 24oz sport cap ", Beverages:Water , Coca-Cola Consolidated 
" Sprite diet, 12 oz ", Beverages:Sodas , Coca-Cola Consolidated 
 Sprite Remix , Beverages:Sodas , Coca-Cola Consolidated 
" Sprite Rm, 20 oz ", Beverages:Sodas , Coca-Cola Consolidated 
" Strawberry Passion,Minute Maid ", Beverages:Juices , Coca-Cola Consolidated 
" Syrup, Dr. Pepper BIB ", Beverages:Sodas , Coca-Cola Consolidated 
 Tropical Citrus , Beverages:Juices , Coca-Cola Consolidated 
" Vitamin Water, 20z energy ", Beverages:Juices , Coca-Cola Consolidated 
" Vitamin Water, 20z essential ", Beverages:Juices , Coca-Cola Consolidated 
" Vitamin Water, 20z focus ", Beverages:Juices , Coca-Cola Consolidated 
" Vitamin Water, 20z Power C ", Beverages:Juices , Coca-Cola Consolidated 
" Vitamin Water, 20z XXX ", Beverages:Juices , Coca-Cola Consolidated 
" Vitamin Water, 20z Zero GOGO ", Beverages:Juices , Coca-Cola Consolidated 
" Vitamin Water, 20z Zero Rise ", Beverages:Juices , Coca-Cola Consolidated 
" Vitamin Water, 20z Zero Sqez ", Beverages:Juices , Coca-Cola Consolidated 
" Vitamin Water, 20z Zero XXX ", Beverages:Juices , Coca-Cola Consolidated 
" Vitamin Water, 32z Breeze ", Beverages:Juices , Coca-Cola Consolidated 
" Water, Tonic ", Beverages:Water , Coca-Cola Consolidated 
" Water,Dasani ", Beverages:Water , Coca-Cola Consolidated 
" Zico, Coconut Chocolate Water 16.9z ", Beverages:Water , Coca-Cola Consolidated 
" Zico, Coconut Mango Habanero Water 16.9z ", Beverages:Water , Coca-Cola Consolidated 
" Zico, Coconut Pineapple Water 16.9z ", Beverages:Water , Coca-Cola Consolidated 
" Zico, Coconut Water 16.9z ", Beverages:Water , Coca-Cola Consolidated 
" Zico, Coconut Watermelon Raspberry Water 16.9z ", Beverages:Water , Coca-Cola Consolidated 
" Zico, Liter Chocolate ", Beverages:Water , Coca-Cola Consolidated 
" Zico, Liter Natural ", Beverages:Water , Coca-Cola Consolidated 
